Date_reported,Country_code,Country,WHO_region,New_cases,Cumulative_cases,New_deaths,Cumulative_deaths
2020-01-03,BD,Bangladesh,SEARO,0,0,0,0
2020-01-04,BD,Bangladesh,SEARO,0,0,0,0
2020-01-05,BD,Bangladesh,SEARO,0,0,0,0
2020-01-06,BD,Bangladesh,SEARO,0,0,0,0
2020-01-07,BD,Bangladesh,SEARO,0,0,0,0
2020-01-08,BD,Bangladesh,SEARO,0,0,0,0
2020-01-09,BD,Bangladesh,SEARO,0,0,0,0
2020-01-10,BD,Bangladesh,SEARO,0,0,0,0
2020-01-11,BD,Bangladesh,SEARO,0,0,0,0
2020-01-12,BD,Bangladesh,SEARO,0,0,0,0
2020-01-13,BD,Bangladesh,SEARO,0,0,0,0
2020-01-14,BD,Bangladesh,SEARO,0,0,0,0
2020-01-15,BD,Bangladesh,SEARO,0,0,0,0
2020-01-16,BD,Bangladesh,SEARO,0,0,0,0
2020-01-17,BD,Bangladesh,SEARO,0,0,0,0
2020-01-18,BD,Bangladesh,SEARO,0,0,0,0
2020-01-19,BD,Bangladesh,SEARO,0,0,0,0
2020-01-20,BD,Bangladesh,SEARO,0,0,0,0
2020-01-21,BD,Bangladesh,SEARO,0,0,0,0
2020-01-22,BD,Bangladesh,SEARO,0,0,0,0
2020-01-23,BD,Bangladesh,SEARO,0,0,0,0
2020-01-24,BD,Bangladesh,SEARO,0,0,0,0
2020-01-25,BD,Bangladesh,SEARO,0,0,0,0
2020-01-26,BD,Bangladesh,SEARO,0,0,0,0
2020-01-27,BD,Bangladesh,SEARO,0,0,0,0
2020-01-28,BD,Bangladesh,SEARO,0,0,0,0
2020-01-29,BD,Bangladesh,SEARO,0,0,0,0
2020-01-30,BD,Bangladesh,SEARO,0,0,0,0
2020-01-31,BD,Bangladesh,SEARO,0,0,0,0
2020-02-01,BD,Bangladesh,SEARO,0,0,0,0
2020-02-02,BD,Bangladesh,SEARO,0,0,0,0
2020-02-03,BD,Bangladesh,SEARO,0,0,0,0
2020-02-04,BD,Bangladesh,SEARO,0,0,0,0
2020-02-05,BD,Bangladesh,SEARO,0,0,0,0
2020-02-06,BD,Bangladesh,SEARO,0,0,0,0
2020-02-07,BD,Bangladesh,SEARO,0,0,0,0
2020-02-08,BD,Bangladesh,SEARO,0,0,0,0
2020-02-09,BD,Bangladesh,SEARO,0,0,0,0
2020-02-10,BD,Bangladesh,SEARO,0,0,0,0
2020-02-11,BD,Bangladesh,SEARO,0,0,0,0
2020-02-12,BD,Bangladesh,SEARO,0,0,0,0
2020-02-13,BD,Bangladesh,SEARO,0,0,0,0
2020-02-14,BD,Bangladesh,SEARO,0,0,0,0
2020-02-15,BD,Bangladesh,SEARO,0,0,0,0
2020-02-16,BD,Bangladesh,SEARO,0,0,0,0
2020-02-17,BD,Bangladesh,SEARO,0,0,0,0
2020-02-18,BD,Bangladesh,SEARO,0,0,0,0
2020-02-19,BD,Bangladesh,SEARO,0,0,0,0
2020-02-20,BD,Bangladesh,SEARO,0,0,0,0
2020-02-21,BD,Bangladesh,SEARO,0,0,0,0
2020-02-22,BD,Bangladesh,SEARO,0,0,0,0
2020-02-23,BD,Bangladesh,SEARO,0,0,0,0
2020-02-24,BD,Bangladesh,SEARO,0,0,0,0
2020-02-25,BD,Bangladesh,SEARO,0,0,0,0
2020-02-26,BD,Bangladesh,SEARO,0,0,0,0
2020-02-27,BD,Bangladesh,SEARO,0,0,0,0
2020-02-28,BD,Bangladesh,SEARO,0,0,0,0
2020-02-29,BD,Bangladesh,SEARO,0,0,0,0
2020-03-01,BD,Bangladesh,SEARO,0,0,0,0
2020-03-02,BD,Bangladesh,SEARO,0,0,0,0
2020-03-03,BD,Bangladesh,SEARO,0,0,0,0
2020-03-04,BD,Bangladesh,SEARO,0,0,0,0
2020-03-05,BD,Bangladesh,SEARO,0,0,0,0
2020-03-06,BD,Bangladesh,SEARO,0,0,0,0
2020-03-07,BD,Bangladesh,SEARO,0,0,0,0
2020-03-08,BD,Bangladesh,SEARO,3,3,0,0
2020-03-09,BD,Bangladesh,SEARO,4,7,0,0
2020-03-10,BD,Bangladesh,SEARO,0,7,0,0
2020-03-11,BD,Bangladesh,SEARO,0,7,0,0
2020-03-12,BD,Bangladesh,SEARO,0,7,0,0
2020-03-13,BD,Bangladesh,SEARO,0,7,0,0
2020-03-14,BD,Bangladesh,SEARO,0,7,0,0
2020-03-15,BD,Bangladesh,SEARO,0,7,0,0
2020-03-16,BD,Bangladesh,SEARO,1,8,0,0
2020-03-17,BD,Bangladesh,SEARO,1,9,0,0
2020-03-18,BD,Bangladesh,SEARO,1,10,0,0
2020-03-19,BD,Bangladesh,SEARO,7,17,1,1
2020-03-20,BD,Bangladesh,SEARO,0,17,0,1
2020-03-21,BD,Bangladesh,SEARO,7,24,0,1
2020-03-22,BD,Bangladesh,SEARO,0,24,1,2
2020-03-23,BD,Bangladesh,SEARO,9,33,1,3
2020-03-24,BD,Bangladesh,SEARO,6,39,1,4
2020-03-25,BD,Bangladesh,SEARO,0,39,1,5
2020-03-26,BD,Bangladesh,SEARO,5,44,0,5
2020-03-27,BD,Bangladesh,SEARO,4,48,0,5
2020-03-28,BD,Bangladesh,SEARO,0,48,0,5
2020-03-29,BD,Bangladesh,SEARO,0,48,0,5
2020-03-30,BD,Bangladesh,SEARO,1,49,0,5
2020-03-31,BD,Bangladesh,SEARO,2,51,0,5
2020-04-01,BD,Bangladesh,SEARO,3,54,1,6
2020-04-02,BD,Bangladesh,SEARO,2,56,0,6
2020-04-03,BD,Bangladesh,SEARO,5,61,0,6
2020-04-04,BD,Bangladesh,SEARO,9,70,2,8
2020-04-05,BD,Bangladesh,SEARO,18,88,0,8
2020-04-06,BD,Bangladesh,SEARO,35,123,4,12
2020-04-07,BD,Bangladesh,SEARO,41,164,5,17
2020-04-08,BD,Bangladesh,SEARO,54,218,3,20
2020-04-09,BD,Bangladesh,SEARO,112,330,1,21
2020-04-10,BD,Bangladesh,SEARO,94,424,6,27
2020-04-11,BD,Bangladesh,SEARO,58,482,3,30
2020-04-12,BD,Bangladesh,SEARO,139,621,4,34
2020-04-13,BD,Bangladesh,SEARO,182,803,5,39
2020-04-14,BD,Bangladesh,SEARO,209,1012,7,46
2020-04-15,BD,Bangladesh,SEARO,219,1231,4,50
2020-04-16,BD,Bangladesh,SEARO,341,1572,10,60
2020-04-17,BD,Bangladesh,SEARO,266,1838,15,75
2020-04-18,BD,Bangladesh,SEARO,306,2144,9,84
2020-04-19,BD,Bangladesh,SEARO,312,2456,7,91
2020-04-20,BD,Bangladesh,SEARO,492,2948,10,101
2020-04-21,BD,Bangladesh,SEARO,434,3382,9,110
2020-04-22,BD,Bangladesh,SEARO,390,3772,10,120
2020-04-23,BD,Bangladesh,SEARO,414,4186,7,127
2020-04-24,BD,Bangladesh,SEARO,503,4689,4,131
2020-04-25,BD,Bangladesh,SEARO,309,4998,9,140
2020-04-26,BD,Bangladesh,SEARO,418,5416,5,145
2020-04-27,BD,Bangladesh,SEARO,497,5913,7,152
2020-04-28,BD,Bangladesh,SEARO,549,6462,3,155
2020-04-29,BD,Bangladesh,SEARO,641,7103,8,163
2020-04-30,BD,Bangladesh,SEARO,564,7667,5,168
2020-05-01,BD,Bangladesh,SEARO,571,8238,2,170
2020-05-02,BD,Bangladesh,SEARO,552,8790,5,175
2020-05-03,BD,Bangladesh,SEARO,665,9455,2,177
2020-05-04,BD,Bangladesh,SEARO,688,10143,5,182
2020-05-05,BD,Bangladesh,SEARO,786,10929,1,183
2020-05-06,BD,Bangladesh,SEARO,790,11719,3,186
2020-05-07,BD,Bangladesh,SEARO,706,12425,13,199
2020-05-08,BD,Bangladesh,SEARO,709,13134,7,206
2020-05-09,BD,Bangladesh,SEARO,636,13770,8,214
2020-05-10,BD,Bangladesh,SEARO,887,14657,14,228
2020-05-11,BD,Bangladesh,SEARO,1034,15691,11,239
2020-05-12,BD,Bangladesh,SEARO,969,16660,11,250
2020-05-13,BD,Bangladesh,SEARO,1162,17822,19,269
2020-05-14,BD,Bangladesh,SEARO,1041,18863,14,283
2020-05-15,BD,Bangladesh,SEARO,1202,20065,15,298
2020-05-16,BD,Bangladesh,SEARO,930,20995,16,314
2020-05-17,BD,Bangladesh,SEARO,1273,22268,14,328
2020-05-18,BD,Bangladesh,SEARO,1602,23870,21,349
2020-05-19,BD,Bangladesh,SEARO,1251,25121,21,370
2020-05-20,BD,Bangladesh,SEARO,1617,26738,16,386
2020-05-21,BD,Bangladesh,SEARO,1773,28511,22,408
2020-05-22,BD,Bangladesh,SEARO,1694,30205,24,432
2020-05-23,BD,Bangladesh,SEARO,1873,32078,20,452
2020-05-24,BD,Bangladesh,SEARO,1532,33610,28,480
2020-05-25,BD,Bangladesh,SEARO,1975,35585,21,501
2020-05-26,BD,Bangladesh,SEARO,1166,36751,21,522
2020-05-27,BD,Bangladesh,SEARO,1541,38292,22,544
2020-05-28,BD,Bangladesh,SEARO,2029,40321,15,559
2020-05-29,BD,Bangladesh,SEARO,2523,42844,23,582
2020-05-30,BD,Bangladesh,SEARO,1764,44608,28,610
2020-05-31,BD,Bangladesh,SEARO,2545,47153,40,650
2020-06-01,BD,Bangladesh,SEARO,2381,49534,22,672
2020-06-02,BD,Bangladesh,SEARO,2911,52445,37,709
2020-06-03,BD,Bangladesh,SEARO,2695,55140,37,746
2020-06-04,BD,Bangladesh,SEARO,2423,57563,35,781
2020-06-05,BD,Bangladesh,SEARO,2828,60391,30,811
2020-06-06,BD,Bangladesh,SEARO,2635,63026,35,846
2020-06-07,BD,Bangladesh,SEARO,2743,65769,42,888
2020-06-08,BD,Bangladesh,SEARO,2735,68504,42,930
2020-06-09,BD,Bangladesh,SEARO,3171,71675,45,975
2020-06-10,BD,Bangladesh,SEARO,3190,74865,37,1012
2020-06-11,BD,Bangladesh,SEARO,3187,78052,37,1049
2020-06-12,BD,Bangladesh,SEARO,3471,81523,46,1095
2020-06-13,BD,Bangladesh,SEARO,2856,84379,44,1139
2020-06-14,BD,Bangladesh,SEARO,3141,87520,32,1171
2020-06-15,BD,Bangladesh,SEARO,3099,90619,38,1209
2020-06-16,BD,Bangladesh,SEARO,3862,94481,53,1262
2020-06-17,BD,Bangladesh,SEARO,4008,98489,43,1305
2020-06-18,BD,Bangladesh,SEARO,3803,102292,38,1343
2020-06-19,BD,Bangladesh,SEARO,3243,105535,45,1388
2020-06-20,BD,Bangladesh,SEARO,3240,108775,37,1425
2020-06-21,BD,Bangladesh,SEARO,3531,112306,39,1464
2020-06-22,BD,Bangladesh,SEARO,3480,115786,38,1502
2020-06-23,BD,Bangladesh,SEARO,3412,119198,43,1545
2020-06-24,BD,Bangladesh,SEARO,3462,122660,37,1582
2020-06-25,BD,Bangladesh,SEARO,3946,126606,39,1621
2020-06-26,BD,Bangladesh,SEARO,3868,130474,40,1661
2020-06-27,BD,Bangladesh,SEARO,3504,133978,34,1695
2020-06-28,BD,Bangladesh,SEARO,3809,137787,43,1738
2020-06-29,BD,Bangladesh,SEARO,4014,141801,45,1783
2020-06-30,BD,Bangladesh,SEARO,3682,145483,64,1847
2020-07-01,BD,Bangladesh,SEARO,3775,149258,41,1888
2020-07-02,BD,Bangladesh,SEARO,4019,153277,38,1926
2020-07-03,BD,Bangladesh,SEARO,3114,156391,42,1968
2020-07-04,BD,Bangladesh,SEARO,3288,159679,29,1997
2020-07-05,BD,Bangladesh,SEARO,2738,162417,55,2052
2020-07-06,BD,Bangladesh,SEARO,3201,165618,44,2096
2020-07-07,BD,Bangladesh,SEARO,3027,168645,55,2151
2020-07-08,BD,Bangladesh,SEARO,3489,172134,46,2197
2020-07-09,BD,Bangladesh,SEARO,3360,175494,41,2238
2020-07-10,BD,Bangladesh,SEARO,2949,178443,37,2275
2020-07-11,BD,Bangladesh,SEARO,2686,181129,30,2305
2020-07-12,BD,Bangladesh,SEARO,2666,183795,47,2352
2020-07-13,BD,Bangladesh,SEARO,3099,186894,39,2391
2020-07-14,BD,Bangladesh,SEARO,3163,190057,33,2424
2020-07-15,BD,Bangladesh,SEARO,3533,193590,33,2457
2020-07-16,BD,Bangladesh,SEARO,2733,196323,39,2496
2020-07-17,BD,Bangladesh,SEARO,3034,199357,51,2547
2020-07-18,BD,Bangladesh,SEARO,2709,202066,34,2581
2020-07-19,BD,Bangladesh,SEARO,2459,204525,37,2618
2020-07-20,BD,Bangladesh,SEARO,2928,207453,50,2668
2020-07-21,BD,Bangladesh,SEARO,3057,210510,41,2709
2020-07-22,BD,Bangladesh,SEARO,2744,213254,42,2751
2020-07-23,BD,Bangladesh,SEARO,2856,216110,50,2801
2020-07-24,BD,Bangladesh,SEARO,2548,218658,35,2836
2020-07-25,BD,Bangladesh,SEARO,2520,221178,38,2874
2020-07-26,BD,Bangladesh,SEARO,2275,223453,54,2928
2020-07-27,BD,Bangladesh,SEARO,2772,226225,37,2965
2020-07-28,BD,Bangladesh,SEARO,2960,229185,35,3000
2020-07-29,BD,Bangladesh,SEARO,3009,232194,35,3035
2020-07-30,BD,Bangladesh,SEARO,2695,234889,48,3083
2020-07-31,BD,Bangladesh,SEARO,2772,237661,28,3111
2020-08-01,BD,Bangladesh,SEARO,2199,239860,21,3132
2020-08-02,BD,Bangladesh,SEARO,886,240746,22,3154
2020-08-03,BD,Bangladesh,SEARO,1356,242102,30,3184
2020-08-04,BD,Bangladesh,SEARO,1918,244020,50,3234
2020-08-05,BD,Bangladesh,SEARO,2654,246674,33,3267
2020-08-06,BD,Bangladesh,SEARO,2977,249651,39,3306
2020-08-07,BD,Bangladesh,SEARO,2851,252502,27,3333
2020-08-08,BD,Bangladesh,SEARO,2611,255113,32,3365
2020-08-09,BD,Bangladesh,SEARO,2487,257600,34,3399
2020-08-10,BD,Bangladesh,SEARO,2907,260507,39,3438
2020-08-11,BD,Bangladesh,SEARO,2996,263503,33,3471
2020-08-12,BD,Bangladesh,SEARO,2995,266498,42,3513
2020-08-13,BD,Bangladesh,SEARO,2617,269115,44,3557
2020-08-14,BD,Bangladesh,SEARO,2766,271881,34,3591
2020-08-15,BD,Bangladesh,SEARO,2644,274525,34,3625
2020-08-16,BD,Bangladesh,SEARO,2024,276549,32,3657
2020-08-17,BD,Bangladesh,SEARO,2595,279144,37,3694
2020-08-18,BD,Bangladesh,SEARO,3200,282344,46,3740
2020-08-19,BD,Bangladesh,SEARO,2747,285091,41,3781
2020-08-20,BD,Bangladesh,SEARO,2868,287959,41,3822
2020-08-21,BD,Bangladesh,SEARO,2401,290360,39,3861
2020-08-22,BD,Bangladesh,SEARO,2265,292625,46,3907
2020-08-23,BD,Bangladesh,SEARO,1973,294598,34,3941
2020-08-24,BD,Bangladesh,SEARO,2485,297083,42,3983
2020-08-25,BD,Bangladesh,SEARO,2545,299628,45,4028
2020-08-26,BD,Bangladesh,SEARO,2519,302147,54,4082
2020-08-27,BD,Bangladesh,SEARO,2436,304583,45,4127
2020-08-28,BD,Bangladesh,SEARO,2211,306794,47,4174
2020-08-29,BD,Bangladesh,SEARO,2131,308925,32,4206
2020-08-30,BD,Bangladesh,SEARO,1897,310822,42,4248
2020-08-31,BD,Bangladesh,SEARO,2174,312996,33,4281
2020-09-01,BD,Bangladesh,SEARO,1950,314946,35,4316
2020-09-02,BD,Bangladesh,SEARO,2582,317528,35,4351
2020-09-03,BD,Bangladesh,SEARO,2158,319686,32,4383
2020-09-04,BD,Bangladesh,SEARO,1929,321615,29,4412
2020-09-05,BD,Bangladesh,SEARO,1950,323565,35,4447
2020-09-06,BD,Bangladesh,SEARO,1592,325157,32,4479
2020-09-07,BD,Bangladesh,SEARO,2202,327359,37,4516
2020-09-08,BD,Bangladesh,SEARO,1892,329251,36,4552
2020-09-09,BD,Bangladesh,SEARO,1827,331078,41,4593
2020-09-10,BD,Bangladesh,SEARO,1892,332970,41,4634
2020-09-11,BD,Bangladesh,SEARO,1792,334762,34,4668
2020-09-12,BD,Bangladesh,SEARO,1282,336044,34,4702
2020-09-13,BD,Bangladesh,SEARO,1476,337520,31,4733
2020-09-14,BD,Bangladesh,SEARO,1812,339332,26,4759
2020-09-15,BD,Bangladesh,SEARO,1724,341056,43,4802
2020-09-16,BD,Bangladesh,SEARO,1615,342671,21,4823
2020-09-17,BD,Bangladesh,SEARO,1593,344264,36,4859
2020-09-18,BD,Bangladesh,SEARO,1541,345805,22,4881
2020-09-19,BD,Bangladesh,SEARO,1567,347372,32,4913
2020-09-20,BD,Bangladesh,SEARO,1544,348916,26,4939
2020-09-21,BD,Bangladesh,SEARO,1705,350621,40,4979
2020-09-22,BD,Bangladesh,SEARO,1557,352178,28,5007
2020-09-23,BD,Bangladesh,SEARO,1666,353844,37,5044
2020-09-24,BD,Bangladesh,SEARO,1540,355384,28,5072
2020-09-25,BD,Bangladesh,SEARO,1383,356767,21,5093
2020-09-26,BD,Bangladesh,SEARO,1106,357873,36,5129
2020-09-27,BD,Bangladesh,SEARO,1275,359148,32,5161
2020-09-28,BD,Bangladesh,SEARO,1407,360555,32,5193
2020-09-29,BD,Bangladesh,SEARO,1488,362043,26,5219
2020-09-30,BD,Bangladesh,SEARO,1436,363479,32,5251
2020-10-01,BD,Bangladesh,SEARO,1508,364987,21,5272
2020-10-02,BD,Bangladesh,SEARO,1396,366383,33,5305
2020-10-03,BD,Bangladesh,SEARO,1182,367565,20,5325
2020-10-04,BD,Bangladesh,SEARO,1125,368690,23,5348
2020-10-05,BD,Bangladesh,SEARO,1442,370132,27,5375
2020-10-06,BD,Bangladesh,SEARO,1499,371631,30,5405
2020-10-07,BD,Bangladesh,SEARO,1520,373151,35,5440
2020-10-08,BD,Bangladesh,SEARO,1441,374592,20,5460
2020-10-09,BD,Bangladesh,SEARO,1278,375870,17,5477
2020-10-10,BD,Bangladesh,SEARO,1203,377073,23,5500
2020-10-11,BD,Bangladesh,SEARO,1193,378266,24,5524
2020-10-12,BD,Bangladesh,SEARO,1472,379738,31,5555
2020-10-13,BD,Bangladesh,SEARO,1537,381275,22,5577
2020-10-14,BD,Bangladesh,SEARO,1684,382959,16,5593
2020-10-15,BD,Bangladesh,SEARO,1600,384559,15,5608
2020-10-16,BD,Bangladesh,SEARO,1527,386086,15,5623
2020-10-17,BD,Bangladesh,SEARO,1209,387295,23,5646
2020-10-18,BD,Bangladesh,SEARO,1274,388569,14,5660
2020-10-19,BD,Bangladesh,SEARO,1637,390206,21,5681
2020-10-20,BD,Bangladesh,SEARO,1380,391586,18,5699
2020-10-21,BD,Bangladesh,SEARO,1545,393131,24,5723
2020-10-22,BD,Bangladesh,SEARO,1696,394827,24,5747
2020-10-23,BD,Bangladesh,SEARO,1586,396413,14,5761
2020-10-24,BD,Bangladesh,SEARO,1094,397507,19,5780
2020-10-25,BD,Bangladesh,SEARO,1308,398815,23,5803
2020-10-26,BD,Bangladesh,SEARO,1436,400251,15,5818
2020-10-27,BD,Bangladesh,SEARO,1335,401586,20,5838
2020-10-28,BD,Bangladesh,SEARO,1493,403079,23,5861
2020-10-29,BD,Bangladesh,SEARO,1681,404760,25,5886
2020-10-30,BD,Bangladesh,SEARO,1604,406364,19,5905
2020-10-31,BD,Bangladesh,SEARO,1320,407684,18,5923
2020-11-01,BD,Bangladesh,SEARO,1568,409252,18,5941
2020-11-02,BD,Bangladesh,SEARO,1736,410988,25,5966
2020-11-03,BD,Bangladesh,SEARO,1659,412647,17,5983
2020-11-04,BD,Bangladesh,SEARO,1517,414164,21,6004
2020-11-05,BD,Bangladesh,SEARO,1842,416006,17,6021
2020-11-06,BD,Bangladesh,SEARO,1469,417475,15,6036
2020-11-07,BD,Bangladesh,SEARO,1289,418764,13,6049
2020-11-08,BD,Bangladesh,SEARO,1474,420238,18,6067
2020-11-09,BD,Bangladesh,SEARO,1683,421921,25,6092
2020-11-10,BD,Bangladesh,SEARO,1699,423620,16,6108
2020-11-11,BD,Bangladesh,SEARO,1733,425353,19,6127
2020-11-12,BD,Bangladesh,SEARO,1845,427198,13,6140
2020-11-13,BD,Bangladesh,SEARO,1767,428965,19,6159
2020-11-14,BD,Bangladesh,SEARO,1531,430496,14,6173
2020-11-15,BD,Bangladesh,SEARO,1837,432333,21,6194
2020-11-16,BD,Bangladesh,SEARO,2139,434472,21,6215
2020-11-17,BD,Bangladesh,SEARO,2212,436684,39,6254
2020-11-18,BD,Bangladesh,SEARO,2111,438795,21,6275
2020-11-19,BD,Bangladesh,SEARO,2364,441159,30,6305
2020-11-20,BD,Bangladesh,SEARO,2275,443434,17,6322
2020-11-21,BD,Bangladesh,SEARO,1847,445281,28,6350
2020-11-22,BD,Bangladesh,SEARO,2060,447341,38,6388
2020-11-23,BD,Bangladesh,SEARO,2419,449760,28,6416
2020-11-24,BD,Bangladesh,SEARO,2230,451990,32,6448
2020-11-25,BD,Bangladesh,SEARO,2156,454146,39,6487
2020-11-26,BD,Bangladesh,SEARO,2292,456438,37,6524
2020-11-27,BD,Bangladesh,SEARO,2273,458711,20,6544
2020-11-28,BD,Bangladesh,SEARO,1908,460619,36,6580
2020-11-29,BD,Bangladesh,SEARO,1788,462407,29,6609
2020-11-30,BD,Bangladesh,SEARO,2525,464932,35,6644
2020-12-01,BD,Bangladesh,SEARO,2293,467225,31,6675
2020-12-02,BD,Bangladesh,SEARO,2198,469423,38,6713
2020-12-03,BD,Bangladesh,SEARO,2316,471739,35,6748
2020-12-04,BD,Bangladesh,SEARO,2252,473991,24,6772
2020-12-05,BD,Bangladesh,SEARO,1888,475879,35,6807
2020-12-06,BD,Bangladesh,SEARO,1666,477545,31,6838
2020-12-07,BD,Bangladesh,SEARO,2198,479743,36,6874
2020-12-08,BD,Bangladesh,SEARO,2202,481945,32,6906
2020-12-09,BD,Bangladesh,SEARO,2159,484104,24,6930
2020-12-10,BD,Bangladesh,SEARO,1861,485965,37,6967
2020-12-11,BD,Bangladesh,SEARO,1884,487849,19,6986
2020-12-12,BD,Bangladesh,SEARO,1329,489178,34,7020
2020-12-13,BD,Bangladesh,SEARO,1355,490533,32,7052
2020-12-14,BD,Bangladesh,SEARO,1799,492332,37,7089
2020-12-15,BD,Bangladesh,SEARO,1877,494209,40,7129
2020-12-16,BD,Bangladesh,SEARO,1632,495841,27,7156
2020-12-17,BD,Bangladesh,SEARO,1134,496975,36,7192
2020-12-18,BD,Bangladesh,SEARO,1318,498293,25,7217
2020-12-19,BD,Bangladesh,SEARO,1267,499560,25,7242
2020-12-20,BD,Bangladesh,SEARO,1153,500713,38,7280
2020-12-21,BD,Bangladesh,SEARO,1470,502183,32,7312
2020-12-22,BD,Bangladesh,SEARO,1318,503501,17,7329
2020-12-23,BD,Bangladesh,SEARO,1367,504868,30,7359
2020-12-24,BD,Bangladesh,SEARO,1234,506102,19,7378
2020-12-25,BD,Bangladesh,SEARO,1163,507265,20,7398
2020-12-26,BD,Bangladesh,SEARO,834,508099,30,7428
2020-12-27,BD,Bangladesh,SEARO,1049,509148,24,7452
2020-12-28,BD,Bangladesh,SEARO,932,510080,27,7479
2020-12-29,BD,Bangladesh,SEARO,1181,511261,30,7509
2020-12-30,BD,Bangladesh,SEARO,1235,512496,22,7531
2020-12-31,BD,Bangladesh,SEARO,1014,513510,28,7559
2021-01-01,BD,Bangladesh,SEARO,990,514500,17,7576
2021-01-02,BD,Bangladesh,SEARO,684,515184,23,7599
2021-01-03,BD,Bangladesh,SEARO,835,516019,27,7626
2021-01-04,BD,Bangladesh,SEARO,910,516929,24,7650
2021-01-05,BD,Bangladesh,SEARO,991,517920,20,7670
2021-01-06,BD,Bangladesh,SEARO,978,518898,17,7687
2021-01-07,BD,Bangladesh,SEARO,1007,519905,31,7718
2021-01-08,BD,Bangladesh,SEARO,785,520690,16,7734
2021-01-09,BD,Bangladesh,SEARO,692,521382,22,7756
2021-01-10,BD,Bangladesh,SEARO,1071,522453,25,7781
2021-01-11,BD,Bangladesh,SEARO,849,523302,22,7803
2021-01-12,BD,Bangladesh,SEARO,718,524020,16,7819
2021-01-13,BD,Bangladesh,SEARO,890,524910,14,7833
2021-01-14,BD,Bangladesh,SEARO,813,525723,16,7849
2021-01-15,BD,Bangladesh,SEARO,762,526485,13,7862
2021-01-16,BD,Bangladesh,SEARO,578,527063,21,7883
2021-01-17,BD,Bangladesh,SEARO,569,527632,23,7906
2021-01-18,BD,Bangladesh,SEARO,697,528329,16,7922
2021-01-19,BD,Bangladesh,SEARO,702,529031,20,7942
2021-01-20,BD,Bangladesh,SEARO,656,529687,8,7950
2021-01-21,BD,Bangladesh,SEARO,584,530271,16,7966
2021-01-22,BD,Bangladesh,SEARO,619,530890,15,7981
2021-01-23,BD,Bangladesh,SEARO,436,531326,22,8003
2021-01-24,BD,Bangladesh,SEARO,473,531799,20,8023
2021-01-25,BD,Bangladesh,SEARO,602,532401,18,8041
2021-01-26,BD,Bangladesh,SEARO,515,532916,14,8055
2021-01-27,BD,Bangladesh,SEARO,528,533444,17,8072
2021-01-28,BD,Bangladesh,SEARO,509,533953,15,8087
2021-01-29,BD,Bangladesh,SEARO,454,534407,7,8094
2021-01-30,BD,Bangladesh,SEARO,363,534770,17,8111
2021-01-31,BD,Bangladesh,SEARO,369,535139,16,8127
2021-02-01,BD,Bangladesh,SEARO,443,535582,10,8137
2021-02-02,BD,Bangladesh,SEARO,525,536107,12,8149
2021-02-03,BD,Bangladesh,SEARO,438,536545,13,8162
2021-02-04,BD,Bangladesh,SEARO,485,537030,13,8175
2021-02-05,BD,Bangladesh,SEARO,435,537465,7,8182
2021-02-06,BD,Bangladesh,SEARO,305,537770,8,8190
2021-02-07,BD,Bangladesh,SEARO,292,538062,15,8205
2021-02-08,BD,Bangladesh,SEARO,316,538378,16,8221
2021-02-09,BD,Bangladesh,SEARO,387,538765,8,8229
2021-02-10,BD,Bangladesh,SEARO,388,539153,10,8239
2021-02-11,BD,Bangladesh,SEARO,418,539571,9,8248
2021-02-12,BD,Bangladesh,SEARO,404,539975,5,8253
2021-02-13,BD,Bangladesh,SEARO,291,540266,13,8266
2021-02-14,BD,Bangladesh,SEARO,326,540592,8,8274
2021-02-15,BD,Bangladesh,SEARO,446,541038,11,8285
2021-02-16,BD,Bangladesh,SEARO,396,541434,13,8298
2021-02-17,BD,Bangladesh,SEARO,443,541877,16,8314
2021-02-18,BD,Bangladesh,SEARO,391,542268,15,8329
2021-02-19,BD,Bangladesh,SEARO,406,542674,8,8337
2021-02-20,BD,Bangladesh,SEARO,350,543024,5,8342
2021-02-21,BD,Bangladesh,SEARO,327,543351,7,8349
2021-02-22,BD,Bangladesh,SEARO,366,543717,7,8356
2021-02-23,BD,Bangladesh,SEARO,399,544116,18,8374
2021-02-24,BD,Bangladesh,SEARO,428,544544,5,8379
2021-02-25,BD,Bangladesh,SEARO,410,544954,5,8384
2021-02-26,BD,Bangladesh,SEARO,470,545424,11,8395
2021-02-27,BD,Bangladesh,SEARO,407,545831,5,8400
2021-02-28,BD,Bangladesh,SEARO,385,546216,8,8408
2021-03-01,BD,Bangladesh,SEARO,585,546801,8,8416
2021-03-02,BD,Bangladesh,SEARO,515,547316,7,8423
2021-03-03,BD,Bangladesh,SEARO,614,547930,5,8428
2021-03-04,BD,Bangladesh,SEARO,619,548549,7,8435
2021-03-05,BD,Bangladesh,SEARO,635,549184,6,8441
2021-03-06,BD,Bangladesh,SEARO,540,549724,10,8451
2021-03-07,BD,Bangladesh,SEARO,606,550330,11,8462
2021-03-08,BD,Bangladesh,SEARO,845,551175,14,8476
2021-03-09,BD,Bangladesh,SEARO,912,552087,13,8489
2021-03-10,BD,Bangladesh,SEARO,1018,553105,7,8496
2021-03-11,BD,Bangladesh,SEARO,1051,554156,6,8502
2021-03-12,BD,Bangladesh,SEARO,1066,555222,13,8515
2021-03-13,BD,Bangladesh,SEARO,1014,556236,12,8527
2021-03-14,BD,Bangladesh,SEARO,1159,557395,18,8545
2021-03-15,BD,Bangladesh,SEARO,1773,559168,26,8571
2021-03-16,BD,Bangladesh,SEARO,1719,560887,26,8597
2021-03-17,BD,Bangladesh,SEARO,1865,562752,11,8608
2021-03-18,BD,Bangladesh,SEARO,2187,564939,16,8624
2021-03-19,BD,Bangladesh,SEARO,1899,566838,18,8642
2021-03-20,BD,Bangladesh,SEARO,1868,568706,26,8668
2021-03-21,BD,Bangladesh,SEARO,2172,570878,22,8690
2021-03-22,BD,Bangladesh,SEARO,2809,573687,30,8720
2021-03-23,BD,Bangladesh,SEARO,3554,577241,18,8738
2021-03-24,BD,Bangladesh,SEARO,3567,580808,25,8763
2021-03-25,BD,Bangladesh,SEARO,3587,584395,34,8797
2021-03-26,BD,Bangladesh,SEARO,3737,588132,33,8830
2021-03-27,BD,Bangladesh,SEARO,3674,591806,39,8869
2021-03-28,BD,Bangladesh,SEARO,3908,595714,35,8904
2021-03-29,BD,Bangladesh,SEARO,5181,600895,45,8949
2021-03-30,BD,Bangladesh,SEARO,5042,605937,45,8994
2021-03-31,BD,Bangladesh,SEARO,5358,611295,52,9046
2021-04-01,BD,Bangladesh,SEARO,6469,617764,59,9105
2021-04-02,BD,Bangladesh,SEARO,6830,624594,50,9155
2021-04-03,BD,Bangladesh,SEARO,5683,630277,58,9213
2021-04-04,BD,Bangladesh,SEARO,7087,637364,53,9266
2021-04-05,BD,Bangladesh,SEARO,7075,644439,52,9318
2021-04-06,BD,Bangladesh,SEARO,7213,651652,66,9384
2021-04-07,BD,Bangladesh,SEARO,7626,659278,63,9447
2021-04-08,BD,Bangladesh,SEARO,6854,666132,74,9521
2021-04-09,BD,Bangladesh,SEARO,7462,673594,63,9584
2021-04-10,BD,Bangladesh,SEARO,5343,678937,77,9661
2021-04-11,BD,Bangladesh,SEARO,5819,684756,78,9739
2021-04-12,BD,Bangladesh,SEARO,7201,691957,83,9822
2021-04-13,BD,Bangladesh,SEARO,6028,697985,69,9891
2021-04-14,BD,Bangladesh,SEARO,5185,703170,96,9987
2021-04-15,BD,Bangladesh,SEARO,4192,707362,94,10081
2021-04-16,BD,Bangladesh,SEARO,4417,711779,101,10182
2021-04-17,BD,Bangladesh,SEARO,3473,715252,101,10283
2021-04-18,BD,Bangladesh,SEARO,3698,718950,102,10385
2021-04-19,BD,Bangladesh,SEARO,4271,723221,112,10497
2021-04-20,BD,Bangladesh,SEARO,4559,727780,91,10588
2021-04-21,BD,Bangladesh,SEARO,4280,732060,95,10683
2021-04-22,BD,Bangladesh,SEARO,4014,736074,98,10781
2021-04-23,BD,Bangladesh,SEARO,3629,739703,88,10869
2021-04-24,BD,Bangladesh,SEARO,2697,742400,83,10952
2021-04-25,BD,Bangladesh,SEARO,2922,745322,101,11053
2021-04-26,BD,Bangladesh,SEARO,3306,748628,97,11150
2021-04-27,BD,Bangladesh,SEARO,3031,751659,78,11228
2021-04-28,BD,Bangladesh,SEARO,2955,754614,77,11305
2021-04-29,BD,Bangladesh,SEARO,2341,756955,88,11393
2021-04-30,BD,Bangladesh,SEARO,2177,759132,57,11450
2021-05-01,BD,Bangladesh,SEARO,1452,760584,60,11510
2021-05-02,BD,Bangladesh,SEARO,1359,761943,69,11579
2021-05-03,BD,Bangladesh,SEARO,1739,763682,65,11644
2021-05-04,BD,Bangladesh,SEARO,1914,765596,61,11705
2021-05-05,BD,Bangladesh,SEARO,1742,767338,50,11755
2021-05-06,BD,Bangladesh,SEARO,1822,769160,41,11796
2021-05-07,BD,Bangladesh,SEARO,1682,770842,37,11833
2021-05-08,BD,Bangladesh,SEARO,1285,772127,45,11878
2021-05-09,BD,Bangladesh,SEARO,1386,773513,56,11934
2021-05-10,BD,Bangladesh,SEARO,1514,775027,38,11972
2021-05-11,BD,Bangladesh,SEARO,1230,776257,33,12005
2021-05-12,BD,Bangladesh,SEARO,1140,777397,40,12045
2021-05-13,BD,Bangladesh,SEARO,1290,778687,31,12076
2021-05-14,BD,Bangladesh,SEARO,848,779535,26,12102
2021-05-15,BD,Bangladesh,SEARO,261,779796,22,12124
2021-05-16,BD,Bangladesh,SEARO,363,780159,25,12149
2021-05-17,BD,Bangladesh,SEARO,698,780857,32,12181
2021-05-18,BD,Bangladesh,SEARO,1272,782129,30,12211
2021-05-19,BD,Bangladesh,SEARO,1608,783737,37,12248
2021-05-20,BD,Bangladesh,SEARO,1457,785194,36,12284
2021-05-21,BD,Bangladesh,SEARO,1504,786698,26,12310
2021-05-22,BD,Bangladesh,SEARO,1028,787726,38,12348
2021-05-23,BD,Bangladesh,SEARO,1354,789080,28,12376
2021-05-24,BD,Bangladesh,SEARO,1441,790521,25,12401
2021-05-25,BD,Bangladesh,SEARO,1675,792196,40,12441
2021-05-26,BD,Bangladesh,SEARO,1497,793693,17,12458
2021-05-27,BD,Bangladesh,SEARO,1292,794985,22,12480
2021-05-28,BD,Bangladesh,SEARO,1358,796343,31,12511
2021-05-29,BD,Bangladesh,SEARO,1043,797386,38,12549
2021-05-30,BD,Bangladesh,SEARO,1444,798830,34,12583
2021-05-31,BD,Bangladesh,SEARO,1710,800540,36,12619
2021-06-01,BD,Bangladesh,SEARO,1765,802305,41,12660
2021-06-02,BD,Bangladesh,SEARO,1988,804293,34,12694
2021-06-03,BD,Bangladesh,SEARO,1687,805980,30,12724
2021-06-04,BD,Bangladesh,SEARO,1887,807867,34,12758
2021-06-05,BD,Bangladesh,SEARO,1447,809314,43,12801
2021-06-06,BD,Bangladesh,SEARO,1676,810990,38,12839
2021-06-07,BD,Bangladesh,SEARO,1970,812960,30,12869
2021-06-08,BD,Bangladesh,SEARO,2322,815282,44,12913
2021-06-09,BD,Bangladesh,SEARO,2537,817819,36,12949
2021-06-10,BD,Bangladesh,SEARO,2576,820395,40,12989
2021-06-11,BD,Bangladesh,SEARO,2454,822849,43,13032
2021-06-12,BD,Bangladesh,SEARO,1637,824486,39,13071
2021-06-13,BD,Bangladesh,SEARO,2436,826922,47,13118
2021-06-14,BD,Bangladesh,SEARO,3050,829972,54,13172
2021-06-15,BD,Bangladesh,SEARO,3319,833291,50,13222
2021-06-16,BD,Bangladesh,SEARO,3956,837247,60,13282
2021-06-17,BD,Bangladesh,SEARO,3840,841087,63,13345
2021-06-18,BD,Bangladesh,SEARO,3883,844970,54,13399
2021-06-19,BD,Bangladesh,SEARO,3057,848027,67,13466
2021-06-20,BD,Bangladesh,SEARO,3641,851668,82,13548
2021-06-21,BD,Bangladesh,SEARO,4636,856304,78,13626
2021-06-22,BD,Bangladesh,SEARO,4846,861150,76,13702
2021-06-23,BD,Bangladesh,SEARO,5727,866877,85,13787
2021-06-24,BD,Bangladesh,SEARO,6058,872935,81,13868
2021-06-25,BD,Bangladesh,SEARO,5869,878804,108,13976
2021-06-26,BD,Bangladesh,SEARO,4334,883138,77,14053
2021-06-27,BD,Bangladesh,SEARO,5268,888406,119,14172
2021-06-28,BD,Bangladesh,SEARO,8364,896770,104,14276
2021-06-29,BD,Bangladesh,SEARO,7666,904436,112,14388
2021-06-30,BD,Bangladesh,SEARO,8822,913258,115,14503
2021-07-01,BD,Bangladesh,SEARO,8301,921559,143,14646
2021-07-02,BD,Bangladesh,SEARO,8483,930042,132,14778
2021-07-03,BD,Bangladesh,SEARO,6214,936256,134,14912
2021-07-04,BD,Bangladesh,SEARO,8661,944917,153,15065
2021-07-05,BD,Bangladesh,SEARO,9964,954881,164,15229
2021-07-06,BD,Bangladesh,SEARO,11525,966406,163,15392
2021-07-07,BD,Bangladesh,SEARO,11162,977568,201,15593
2021-07-08,BD,Bangladesh,SEARO,11651,989219,199,15792
2021-07-09,BD,Bangladesh,SEARO,11324,1000543,212,16004
2021-07-10,BD,Bangladesh,SEARO,8772,1009315,185,16189
2021-07-11,BD,Bangladesh,SEARO,11874,1021189,230,16419
2021-07-12,BD,Bangladesh,SEARO,13768,1034957,220,16639
2021-07-13,BD,Bangladesh,SEARO,12198,1047155,203,16842
2021-07-14,BD,Bangladesh,SEARO,12383,1059538,210,17052
2021-07-15,BD,Bangladesh,SEARO,12236,1071774,226,17278
2021-07-16,BD,Bangladesh,SEARO,12148,1083922,187,17465
2021-07-17,BD,Bangladesh,SEARO,8489,1092411,204,17669
2021-07-18,BD,Bangladesh,SEARO,11578,1103989,225,17894
2021-07-19,BD,Bangladesh,SEARO,13321,1117310,231,18125
2021-07-20,BD,Bangladesh,SEARO,11579,1128889,200,18325
2021-07-21,BD,Bangladesh,SEARO,7614,1136503,173,18498
2021-07-22,BD,Bangladesh,SEARO,3697,1140200,187,18685
2021-07-23,BD,Bangladesh,SEARO,6364,1146564,166,18851
2021-07-24,BD,Bangladesh,SEARO,6780,1153344,195,19046
2021-07-25,BD,Bangladesh,SEARO,11291,1164635,228,19274
2021-07-26,BD,Bangladesh,SEARO,15192,1179827,247,19521
2021-07-27,BD,Bangladesh,SEARO,14925,1194752,258,19779
2021-07-28,BD,Bangladesh,SEARO,16230,1210982,237,20016
2021-07-29,BD,Bangladesh,SEARO,15271,1226253,239,20255
2021-07-30,BD,Bangladesh,SEARO,13862,1240115,212,20467
2021-07-31,BD,Bangladesh,SEARO,9369,1249484,218,20685
2021-08-01,BD,Bangladesh,SEARO,14844,1264328,231,20916
2021-08-02,BD,Bangladesh,SEARO,15989,1280317,246,21162
2021-08-03,BD,Bangladesh,SEARO,15776,1296093,235,21397
2021-08-04,BD,Bangladesh,SEARO,13817,1309910,241,21638
2021-08-05,BD,Bangladesh,SEARO,12744,1322654,264,21902
2021-08-06,BD,Bangladesh,SEARO,12606,1335260,248,22150
2021-08-07,BD,Bangladesh,SEARO,8136,1343396,261,22411
2021-08-08,BD,Bangladesh,SEARO,10299,1353695,241,22652
2021-08-09,BD,Bangladesh,SEARO,11463,1365158,245,22897
2021-08-10,BD,Bangladesh,SEARO,11164,1376322,264,23161
2021-08-11,BD,Bangladesh,SEARO,10420,1386742,237,23398
2021-08-12,BD,Bangladesh,SEARO,10126,1396868,215,23613
2021-08-13,BD,Bangladesh,SEARO,8465,1405333,197,23810
2021-08-14,BD,Bangladesh,SEARO,6885,1412218,178,23988
2021-08-15,BD,Bangladesh,SEARO,6684,1418902,187,24175
2021-08-16,BD,Bangladesh,SEARO,6959,1425861,174,24349
2021-08-17,BD,Bangladesh,SEARO,7535,1433396,198,24547
2021-08-18,BD,Bangladesh,SEARO,7248,1440644,172,24719
2021-08-19,BD,Bangladesh,SEARO,6566,1447210,159,24878
2021-08-20,BD,Bangladesh,SEARO,5993,1453203,145,25023
2021-08-21,BD,Bangladesh,SEARO,3991,1457194,120,25143
2021-08-22,BD,Bangladesh,SEARO,4804,1461998,139,25282
2021-08-23,BD,Bangladesh,SEARO,5717,1467715,117,25399
2021-08-24,BD,Bangladesh,SEARO,5249,1472964,114,25513
2021-08-25,BD,Bangladesh,SEARO,4966,1477930,114,25627
2021-08-26,BD,Bangladesh,SEARO,4698,1482628,102,25729
2021-08-27,BD,Bangladesh,SEARO,3525,1486153,117,25846
2021-08-28,BD,Bangladesh,SEARO,3436,1489589,80,25926
2021-08-29,BD,Bangladesh,SEARO,3948,1493537,89,26015
2021-08-30,BD,Bangladesh,SEARO,3724,1497261,94,26109
2021-08-31,BD,Bangladesh,SEARO,3357,1500618,86,26195
2021-09-01,BD,Bangladesh,SEARO,3062,1503680,79,26274
2021-09-02,BD,Bangladesh,SEARO,3436,1507116,88,26362
2021-09-03,BD,Bangladesh,SEARO,3167,1510283,70,26432
2021-09-04,BD,Bangladesh,SEARO,1743,1512026,61,26493
2021-09-05,BD,Bangladesh,SEARO,2430,1514456,70,26563
2021-09-06,BD,Bangladesh,SEARO,2710,1517166,65,26628
2021-09-07,BD,Bangladesh,SEARO,2639,1519805,56,26684
2021-09-08,BD,Bangladesh,SEARO,2497,1522302,52,26736
2021-09-09,BD,Bangladesh,SEARO,2588,1524890,58,26794
2021-09-10,BD,Bangladesh,SEARO,2325,1527215,38,26832
2021-09-11,BD,Bangladesh,SEARO,1327,1528542,48,26880
2021-09-12,BD,Bangladesh,SEARO,1871,1530413,51,26931
2021-09-13,BD,Bangladesh,SEARO,1953,1532366,41,26972
2021-09-14,BD,Bangladesh,SEARO,2074,1534440,35,27007
2021-09-15,BD,Bangladesh,SEARO,1901,1536341,51,27058
2021-09-16,BD,Bangladesh,SEARO,1862,1538203,51,27109
2021-09-17,BD,Bangladesh,SEARO,1907,1540110,38,27147
2021-09-18,BD,Bangladesh,SEARO,1190,1541300,35,27182
2021-09-19,BD,Bangladesh,SEARO,1383,1542683,43,27225
2021-09-20,BD,Bangladesh,SEARO,1555,1544238,26,27251
2021-09-21,BD,Bangladesh,SEARO,1562,1545800,26,27277
2021-09-22,BD,Bangladesh,SEARO,1376,1547176,36,27313
2021-09-23,BD,Bangladesh,SEARO,1144,1548320,24,27337
2021-09-24,BD,Bangladesh,SEARO,1233,1549553,31,27368
2021-09-25,BD,Bangladesh,SEARO,818,1550371,25,27393
2021-09-26,BD,Bangladesh,SEARO,980,1551351,21,27414
2021-09-27,BD,Bangladesh,SEARO,1212,1552563,25,27439
2021-09-28,BD,Bangladesh,SEARO,1310,1553873,31,27470
2021-09-29,BD,Bangladesh,SEARO,1178,1555051,17,27487
2021-09-30,BD,Bangladesh,SEARO,860,1555911,23,27510
2021-10-01,BD,Bangladesh,SEARO,847,1556758,21,27531
2021-10-02,BD,Bangladesh,SEARO,589,1557347,24,27555
2021-10-03,BD,Bangladesh,SEARO,617,1557964,18,27573
2021-10-04,BD,Bangladesh,SEARO,794,1558758,18,27591
2021-10-05,BD,Bangladesh,SEARO,694,1559452,23,27614
2021-10-06,BD,Bangladesh,SEARO,703,1560155,21,27635
2021-10-07,BD,Bangladesh,SEARO,663,1560818,12,27647
2021-10-08,BD,Bangladesh,SEARO,645,1561463,7,27654
2021-10-09,BD,Bangladesh,SEARO,415,1561878,40,27694
2021-10-10,BD,Bangladesh,SEARO,481,1562359,-6,27688
2021-10-11,BD,Bangladesh,SEARO,599,1562958,11,27699
2021-10-12,BD,Bangladesh,SEARO,543,1563501,14,27713
2021-10-13,BD,Bangladesh,SEARO,518,1564019,17,27730
2021-10-14,BD,Bangladesh,SEARO,466,1564485,7,27737
2021-10-15,BD,Bangladesh,SEARO,396,1564881,9,27746
2021-10-16,BD,Bangladesh,SEARO,293,1565174,6,27752
2021-10-17,BD,Bangladesh,SEARO,314,1565488,16,27768
2021-10-18,BD,Bangladesh,SEARO,339,1565827,10,27778
2021-10-19,BD,Bangladesh,SEARO,469,1566296,7,27785
2021-10-20,BD,Bangladesh,SEARO,368,1566664,6,27791
2021-10-21,BD,Bangladesh,SEARO,243,1566907,10,27801
2021-10-22,BD,Bangladesh,SEARO,232,1567139,4,27805
2021-10-23,BD,Bangladesh,SEARO,278,1567417,9,27814
2021-10-24,BD,Bangladesh,SEARO,275,1567692,9,27823
2021-10-25,BD,Bangladesh,SEARO,289,1567981,5,27828
2021-10-26,BD,Bangladesh,SEARO,276,1568257,6,27834
2021-10-27,BD,Bangladesh,SEARO,306,1568563,7,27841
2021-10-28,BD,Bangladesh,SEARO,294,1568857,6,27847
2021-10-29,BD,Bangladesh,SEARO,305,1569162,7,27854
2021-10-30,BD,Bangladesh,SEARO,166,1569328,8,27862
2021-10-31,BD,Bangladesh,SEARO,211,1569539,6,27868
2021-11-01,BD,Bangladesh,SEARO,214,1569753,2,27870
2021-11-02,BD,Bangladesh,SEARO,229,1569982,3,27873
2021-11-03,BD,Bangladesh,SEARO,256,1570238,7,27880
2021-11-04,BD,Bangladesh,SEARO,247,1570485,7,27887
2021-11-05,BD,Bangladesh,SEARO,0,1570485,0,27887
2021-11-06,BD,Bangladesh,SEARO,350,1570835,4,27891
2021-11-07,BD,Bangladesh,SEARO,178,1571013,4,27895
2021-11-08,BD,Bangladesh,SEARO,215,1571228,6,27901
2021-11-09,BD,Bangladesh,SEARO,206,1571434,3,27904
2021-11-10,BD,Bangladesh,SEARO,235,1571669,2,27906
2021-11-11,BD,Bangladesh,SEARO,237,1571906,1,27907
2021-11-12,BD,Bangladesh,SEARO,221,1572127,5,27912
2021-11-13,BD,Bangladesh,SEARO,151,1572278,6,27918
2021-11-14,BD,Bangladesh,SEARO,223,1572501,4,27922
2021-11-15,BD,Bangladesh,SEARO,234,1572735,4,27926
2021-11-16,BD,Bangladesh,SEARO,213,1572948,2,27928
2021-11-17,BD,Bangladesh,SEARO,266,1573214,6,27934
2021-11-18,BD,Bangladesh,SEARO,253,1573467,7,27941
2021-11-19,BD,Bangladesh,SEARO,244,1573711,5,27946
2021-11-20,BD,Bangladesh,SEARO,178,1573889,0,27946
2021-11-21,BD,Bangladesh,SEARO,199,1574088,7,27953
2021-11-22,BD,Bangladesh,SEARO,264,1574352,2,27955
2021-11-23,BD,Bangladesh,SEARO,284,1574636,3,27958
2021-11-24,BD,Bangladesh,SEARO,312,1574948,3,27961
2021-11-25,BD,Bangladesh,SEARO,237,1575185,9,27970
2021-11-26,BD,Bangladesh,SEARO,239,1575424,3,27973
2021-11-27,BD,Bangladesh,SEARO,155,1575579,2,27975
2021-11-28,BD,Bangladesh,SEARO,205,1575784,3,27978
2021-11-29,BD,Bangladesh,SEARO,227,1576011,2,27980
2021-11-30,BD,Bangladesh,SEARO,273,1576284,1,27981
2021-12-01,BD,Bangladesh,SEARO,282,1576566,2,27983
2021-12-02,BD,Bangladesh,SEARO,261,1576827,3,27986
2021-12-03,BD,Bangladesh,SEARO,243,1577070,3,27989
2021-12-04,BD,Bangladesh,SEARO,176,1577246,6,27995
2021-12-05,BD,Bangladesh,SEARO,197,1577443,6,28001
2021-12-06,BD,Bangladesh,SEARO,277,1577720,4,28005
2021-12-07,BD,Bangladesh,SEARO,291,1578011,5,28010
2021-12-08,BD,Bangladesh,SEARO,277,1578288,6,28016
2021-12-09,BD,Bangladesh,SEARO,262,1578550,0,28016
2021-12-10,BD,Bangladesh,SEARO,269,1578819,1,28017
2021-12-11,BD,Bangladesh,SEARO,177,1578996,5,28022
2021-12-12,BD,Bangladesh,SEARO,329,1579325,6,28028
2021-12-13,BD,Bangladesh,SEARO,385,1579710,3,28031
2021-12-14,BD,Bangladesh,SEARO,295,1580005,3,28034
2021-12-15,BD,Bangladesh,SEARO,297,1580302,4,28038
2021-12-16,BD,Bangladesh,SEARO,257,1580559,3,28041
2021-12-17,BD,Bangladesh,SEARO,191,1580750,2,28043
2021-12-18,BD,Bangladesh,SEARO,122,1580872,4,28047
2021-12-19,BD,Bangladesh,SEARO,211,1581083,1,28048
2021-12-20,BD,Bangladesh,SEARO,260,1581343,2,28050
2021-12-21,BD,Bangladesh,SEARO,291,1581634,1,28051
2021-12-22,BD,Bangladesh,SEARO,352,1581986,1,28052
2021-12-23,BD,Bangladesh,SEARO,382,1582368,2,28054
2021-12-24,BD,Bangladesh,SEARO,342,1582710,1,28055
2021-12-25,BD,Bangladesh,SEARO,275,1582985,1,28056
2021-12-26,BD,Bangladesh,SEARO,268,1583253,4,28060
2021-12-27,BD,Bangladesh,SEARO,373,1583626,1,28061
2021-12-28,BD,Bangladesh,SEARO,397,1584023,1,28062
2021-12-29,BD,Bangladesh,SEARO,495,1584518,1,28063
2021-12-30,BD,Bangladesh,SEARO,509,1585027,7,28070
2021-12-31,BD,Bangladesh,SEARO,512,1585539,2,28072
2022-01-01,BD,Bangladesh,SEARO,370,1585909,4,28076
2022-01-02,BD,Bangladesh,SEARO,557,1586466,1,28077
2022-01-03,BD,Bangladesh,SEARO,674,1587140,4,28081
2022-01-04,BD,Bangladesh,SEARO,775,1587915,6,28087
2022-01-05,BD,Bangladesh,SEARO,892,1588807,3,28090
2022-01-06,BD,Bangladesh,SEARO,1140,1589947,7,28097
2022-01-07,BD,Bangladesh,SEARO,1146,1591093,1,28098
2022-01-08,BD,Bangladesh,SEARO,1116,1592209,1,28099
2022-01-09,BD,Bangladesh,SEARO,1491,1593700,3,28102
2022-01-10,BD,Bangladesh,SEARO,2231,1595931,3,28105
2022-01-11,BD,Bangladesh,SEARO,2458,1598389,2,28107
2022-01-12,BD,Bangladesh,SEARO,2916,1601305,4,28111
2022-01-13,BD,Bangladesh,SEARO,3359,1604664,12,28123
2022-01-14,BD,Bangladesh,SEARO,4378,1609042,6,28129
2022-01-15,BD,Bangladesh,SEARO,3447,1612489,7,28136
2022-01-16,BD,Bangladesh,SEARO,5222,1617711,8,28144
2022-01-17,BD,Bangladesh,SEARO,6676,1624387,10,28154
2022-01-18,BD,Bangladesh,SEARO,8407,1632794,10,28164
2022-01-19,BD,Bangladesh,SEARO,9500,1642294,12,28176
2022-01-20,BD,Bangladesh,SEARO,10888,1653182,4,28180
2022-01-21,BD,Bangladesh,SEARO,11434,1664616,12,28192
2022-01-22,BD,Bangladesh,SEARO,9614,1674230,17,28209
2022-01-23,BD,Bangladesh,SEARO,10906,1685136,14,28223
2022-01-24,BD,Bangladesh,SEARO,14828,1699964,15,28238
2022-01-25,BD,Bangladesh,SEARO,16033,1715997,18,28256
2022-01-26,BD,Bangladesh,SEARO,15527,1731524,17,28273
2022-01-27,BD,Bangladesh,SEARO,15807,1747331,15,28288
2022-01-28,BD,Bangladesh,SEARO,15440,1762771,20,28308
2022-01-29,BD,Bangladesh,SEARO,10378,1773149,21,28329
2022-01-30,BD,Bangladesh,SEARO,12183,1785332,34,28363
2022-01-31,BD,Bangladesh,SEARO,13501,1798833,31,28394
2022-02-01,BD,Bangladesh,SEARO,13154,1811987,31,28425
2022-02-02,BD,Bangladesh,SEARO,12193,1824180,36,28461
2022-02-03,BD,Bangladesh,SEARO,11596,1835776,33,28494
2022-02-04,BD,Bangladesh,SEARO,9052,1844828,30,28524
2022-02-05,BD,Bangladesh,SEARO,8359,1853187,36,28560
2022-02-06,BD,Bangladesh,SEARO,8345,1861532,29,28589
2022-02-07,BD,Bangladesh,SEARO,9369,1870901,38,28627
2022-02-08,BD,Bangladesh,SEARO,8354,1879255,43,28670
2022-02-09,BD,Bangladesh,SEARO,8016,1887271,33,28703
2022-02-10,BD,Bangladesh,SEARO,7264,1894535,41,28744
2022-02-11,BD,Bangladesh,SEARO,5268,1899803,27,28771
2022-02-12,BD,Bangladesh,SEARO,5023,1904826,20,28791
2022-02-13,BD,Bangladesh,SEARO,4838,1909664,28,28819
2022-02-14,BD,Bangladesh,SEARO,4692,1914356,19,28838
2022-02-15,BD,Bangladesh,SEARO,4746,1919102,34,28872
2022-02-16,BD,Bangladesh,SEARO,3929,1923031,15,28887
2022-02-17,BD,Bangladesh,SEARO,3539,1926570,20,28907
2022-02-18,BD,Bangladesh,SEARO,2584,1929154,24,28931
2022-02-19,BD,Bangladesh,SEARO,2150,1931304,13,28944
2022-02-20,BD,Bangladesh,SEARO,1987,1933291,21,28965
2022-02-21,BD,Bangladesh,SEARO,1951,1935242,9,28974
2022-02-22,BD,Bangladesh,SEARO,1595,1936837,16,28990
2022-02-23,BD,Bangladesh,SEARO,1298,1938135,5,28995
2022-02-24,BD,Bangladesh,SEARO,1516,1939651,10,29005
2022-02-25,BD,Bangladesh,SEARO,1406,1941057,11,29016
2022-02-26,BD,Bangladesh,SEARO,759,1941816,8,29024
2022-02-27,BD,Bangladesh,SEARO,864,1942680,9,29033
2022-02-28,BD,Bangladesh,SEARO,897,1943577,4,29037
2022-03-01,BD,Bangladesh,SEARO,799,1944376,8,29045
2022-03-02,BD,Bangladesh,SEARO,732,1945108,8,29053
2022-03-03,BD,Bangladesh,SEARO,657,1945765,5,29058
2022-03-04,BD,Bangladesh,SEARO,604,1946369,6,29064
2022-03-05,BD,Bangladesh,SEARO,368,1946737,13,29077
2022-03-06,BD,Bangladesh,SEARO,529,1947266,8,29085
2022-03-07,BD,Bangladesh,SEARO,436,1947702,4,29089
2022-03-08,BD,Bangladesh,SEARO,446,1948148,7,29096
2022-03-09,BD,Bangladesh,SEARO,323,1948471,1,29097
2022-03-10,BD,Bangladesh,SEARO,327,1948798,3,29100
2022-03-11,BD,Bangladesh,SEARO,257,1949055,5,29105
2022-03-12,BD,Bangladesh,SEARO,198,1949253,3,29108
2022-03-13,BD,Bangladesh,SEARO,233,1949486,3,29111
2022-03-14,BD,Bangladesh,SEARO,239,1949725,1,29112
2022-03-15,BD,Bangladesh,SEARO,217,1949942,0,29112
2022-03-16,BD,Bangladesh,SEARO,182,1950124,0,29112
2022-03-17,BD,Bangladesh,SEARO,233,1950357,0,29112
2022-03-18,BD,Bangladesh,SEARO,108,1950465,2,29114
2022-03-19,BD,Bangladesh,SEARO,62,1950527,0,29114
2022-03-20,BD,Bangladesh,SEARO,82,1950609,3,29117
2022-03-21,BD,Bangladesh,SEARO,116,1950725,0,29117
2022-03-22,BD,Bangladesh,SEARO,121,1950846,0,29117
2022-03-23,BD,Bangladesh,SEARO,134,1950980,1,29118
2022-03-24,BD,Bangladesh,SEARO,92,1951072,0,29118
2022-03-25,BD,Bangladesh,SEARO,102,1951174,0,29118
2022-03-26,BD,Bangladesh,SEARO,65,1951239,0,29118
2022-03-27,BD,Bangladesh,SEARO,43,1951282,0,29118
2022-03-28,BD,Bangladesh,SEARO,81,1951363,1,29119
2022-03-29,BD,Bangladesh,SEARO,69,1951432,1,29120
2022-03-30,BD,Bangladesh,SEARO,72,1951504,2,29122
2022-03-31,BD,Bangladesh,SEARO,73,1951577,0,29122
2022-04-01,BD,Bangladesh,SEARO,81,1951658,0,29122
2022-04-02,BD,Bangladesh,SEARO,56,1951714,0,29122
2022-04-03,BD,Bangladesh,SEARO,56,1951770,0,29122
2022-04-04,BD,Bangladesh,SEARO,61,1951831,1,29123
2022-04-05,BD,Bangladesh,SEARO,0,1951831,0,29123
2022-04-06,BD,Bangladesh,SEARO,36,1951867,0,29123
2022-04-07,BD,Bangladesh,SEARO,44,1951911,0,29123
2022-04-08,BD,Bangladesh,SEARO,84,1951995,0,29123
2022-04-09,BD,Bangladesh,SEARO,28,1952023,0,29123
2022-04-10,BD,Bangladesh,SEARO,42,1952065,0,29123
2022-04-11,BD,Bangladesh,SEARO,44,1952109,1,29124
2022-04-12,BD,Bangladesh,SEARO,22,1952131,0,29124
2022-04-13,BD,Bangladesh,SEARO,31,1952162,0,29124
2022-04-14,BD,Bangladesh,SEARO,35,1952197,0,29124
2022-04-15,BD,Bangladesh,SEARO,27,1952224,0,29124
2022-04-16,BD,Bangladesh,SEARO,51,1952275,0,29124
2022-04-17,BD,Bangladesh,SEARO,51,1952326,0,29124
2022-04-18,BD,Bangladesh,SEARO,36,1952362,2,29126
2022-04-19,BD,Bangladesh,SEARO,50,1952412,0,29126
2022-04-20,BD,Bangladesh,SEARO,28,1952440,1,29127
2022-04-21,BD,Bangladesh,SEARO,45,1952485,0,29127
2022-04-22,BD,Bangladesh,SEARO,21,1952506,0,29127
2022-04-23,BD,Bangladesh,SEARO,26,1952532,0,29127
2022-04-24,BD,Bangladesh,SEARO,24,1952556,0,29127
2022-04-25,BD,Bangladesh,SEARO,27,1952583,0,29127
2022-04-26,BD,Bangladesh,SEARO,19,1952602,0,29127
2022-04-27,BD,Bangladesh,SEARO,23,1952625,0,29127
2022-04-28,BD,Bangladesh,SEARO,19,1952644,0,29127
2022-04-29,BD,Bangladesh,SEARO,30,1952674,0,29127
2022-04-30,BD,Bangladesh,SEARO,17,1952691,0,29127
2022-05-01,BD,Bangladesh,SEARO,25,1952716,0,29127
2022-05-02,BD,Bangladesh,SEARO,10,1952726,0,29127
2022-05-03,BD,Bangladesh,SEARO,7,1952733,0,29127
2022-05-04,BD,Bangladesh,SEARO,10,1952743,0,29127
2022-05-05,BD,Bangladesh,SEARO,4,1952747,0,29127
2022-05-06,BD,Bangladesh,SEARO,19,1952766,0,29127
2022-05-07,BD,Bangladesh,SEARO,10,1952776,0,29127
2022-05-08,BD,Bangladesh,SEARO,23,1952799,0,29127
2022-05-09,BD,Bangladesh,SEARO,30,1952829,0,29127
2022-05-10,BD,Bangladesh,SEARO,26,1952855,0,29127
2022-05-11,BD,Bangladesh,SEARO,33,1952888,0,29127
2022-05-12,BD,Bangladesh,SEARO,51,1952939,0,29127
2022-05-13,BD,Bangladesh,SEARO,18,1952957,0,29127
2022-05-14,BD,Bangladesh,SEARO,22,1952979,0,29127
2022-05-15,BD,Bangladesh,SEARO,33,1953012,0,29127
2022-05-16,BD,Bangladesh,SEARO,37,1953049,0,29127
2022-05-17,BD,Bangladesh,SEARO,32,1953081,0,29127
2022-05-18,BD,Bangladesh,SEARO,22,1953103,0,29127
2022-05-19,BD,Bangladesh,SEARO,35,1953138,0,29127
2022-05-20,BD,Bangladesh,SEARO,50,1953188,0,29127
2022-05-21,BD,Bangladesh,SEARO,0,1953188,0,29127
2022-05-22,BD,Bangladesh,SEARO,16,1953204,1,29128
2022-05-23,BD,Bangladesh,SEARO,29,1953233,0,29128
2022-05-24,BD,Bangladesh,SEARO,31,1953264,2,29130
2022-05-25,BD,Bangladesh,SEARO,34,1953298,0,29130
2022-05-26,BD,Bangladesh,SEARO,30,1953328,0,29130
2022-05-27,BD,Bangladesh,SEARO,28,1953356,0,29130
2022-05-28,BD,Bangladesh,SEARO,23,1953379,0,29130
2022-05-29,BD,Bangladesh,SEARO,28,1953407,0,29130
2022-05-30,BD,Bangladesh,SEARO,40,1953447,0,29130
2022-05-31,BD,Bangladesh,SEARO,34,1953481,1,29131
2022-06-01,BD,Bangladesh,SEARO,26,1953507,0,29131
2022-06-02,BD,Bangladesh,SEARO,34,1953541,0,29131
2022-06-03,BD,Bangladesh,SEARO,22,1953563,0,29131
2022-06-04,BD,Bangladesh,SEARO,29,1953592,0,29131
2022-06-05,BD,Bangladesh,SEARO,31,1953623,0,29131
2022-06-06,BD,Bangladesh,SEARO,34,1953657,0,29131
2022-06-07,BD,Bangladesh,SEARO,43,1953700,0,29131
2022-06-08,BD,Bangladesh,SEARO,54,1953754,0,29131
2022-06-09,BD,Bangladesh,SEARO,58,1953812,0,29131
2022-06-10,BD,Bangladesh,SEARO,123,1953935,0,29131
2022-06-11,BD,Bangladesh,SEARO,71,1954006,0,29131
2022-06-12,BD,Bangladesh,SEARO,109,1954115,0,29131
2022-06-13,BD,Bangladesh,SEARO,128,1954243,0,29131
2022-06-14,BD,Bangladesh,SEARO,162,1954405,0,29131
2022-06-15,BD,Bangladesh,SEARO,232,1954637,0,29131
2022-06-16,BD,Bangladesh,SEARO,357,1954994,0,29131
2022-06-17,BD,Bangladesh,SEARO,433,1955427,0,29131
2022-06-18,BD,Bangladesh,SEARO,304,1955731,0,29131
2022-06-19,BD,Bangladesh,SEARO,596,1956327,0,29131
2022-06-20,BD,Bangladesh,SEARO,873,1957200,1,29132
2022-06-21,BD,Bangladesh,SEARO,874,1958074,1,29133
2022-06-22,BD,Bangladesh,SEARO,1135,1959209,1,29134
2022-06-23,BD,Bangladesh,SEARO,1319,1960528,1,29135
2022-06-24,BD,Bangladesh,SEARO,1685,1962213,0,29135
2022-06-25,BD,Bangladesh,SEARO,1280,1963493,3,29138
2022-06-26,BD,Bangladesh,SEARO,1680,1965173,2,29140
2022-06-27,BD,Bangladesh,SEARO,2101,1967274,2,29142
2022-06-28,BD,Bangladesh,SEARO,2087,1969361,3,29145
2022-06-29,BD,Bangladesh,SEARO,2241,1971602,0,29145
2022-06-30,BD,Bangladesh,SEARO,2183,1973785,4,29149
2022-07-01,BD,Bangladesh,SEARO,1897,1975682,5,29154
2022-07-02,BD,Bangladesh,SEARO,1105,1976787,6,29160
2022-07-03,BD,Bangladesh,SEARO,1902,1978689,2,29162
2022-07-04,BD,Bangladesh,SEARO,2285,1980974,12,29174
2022-07-05,BD,Bangladesh,SEARO,1998,1982972,7,29181
2022-07-06,BD,Bangladesh,SEARO,1728,1984700,4,29185
2022-07-07,BD,Bangladesh,SEARO,1790,1986490,3,29188
2022-07-08,BD,Bangladesh,SEARO,1611,1988101,7,29195
2022-07-09,BD,Bangladesh,SEARO,939,1989040,3,29198
2022-07-10,BD,Bangladesh,SEARO,814,1989854,2,29200
2022-07-11,BD,Bangladesh,SEARO,521,1990375,3,29203
2022-07-12,BD,Bangladesh,SEARO,656,1991031,9,29212
2022-07-13,BD,Bangladesh,SEARO,1027,1992058,5,29217
2022-07-14,BD,Bangladesh,SEARO,1324,1993382,6,29223
2022-07-15,BD,Bangladesh,SEARO,1051,1994433,2,29225
2022-07-16,BD,Bangladesh,SEARO,1007,1995440,5,29230
2022-07-17,BD,Bangladesh,SEARO,900,1996340,4,29234
2022-07-18,BD,Bangladesh,SEARO,1072,1997412,7,29241
2022-07-19,BD,Bangladesh,SEARO,879,1998291,8,29249
2022-07-20,BD,Bangladesh,SEARO,1104,1999395,1,29250
2022-07-21,BD,Bangladesh,SEARO,884,2000279,6,29256
2022-07-22,BD,Bangladesh,SEARO,620,2000899,2,29258
2022-07-23,BD,Bangladesh,SEARO,446,2001345,4,29262
2022-07-24,BD,Bangladesh,SEARO,430,2001775,4,29266
2022-07-25,BD,Bangladesh,SEARO,548,2002323,5,29271
2022-07-26,BD,Bangladesh,SEARO,621,2002944,4,29275
2022-07-27,BD,Bangladesh,SEARO,626,2003570,5,29280
2022-07-28,BD,Bangladesh,SEARO,618,2004188,4,29284
2022-07-29,BD,Bangladesh,SEARO,355,2004543,1,29285
2022-07-30,BD,Bangladesh,SEARO,349,2004892,3,29288
2022-07-31,BD,Bangladesh,SEARO,365,2005257,3,29291
2022-08-01,BD,Bangladesh,SEARO,349,2005606,1,29292
2022-08-02,BD,Bangladesh,SEARO,387,2005993,3,29295
2022-08-03,BD,Bangladesh,SEARO,375,2006368,3,29298
2022-08-04,BD,Bangladesh,SEARO,278,2006646,2,29300
2022-08-05,BD,Bangladesh,SEARO,253,2006899,2,29302
2022-08-06,BD,Bangladesh,SEARO,220,2007119,2,29304
2022-08-07,BD,Bangladesh,SEARO,216,2007335,0,29304
2022-08-08,BD,Bangladesh,SEARO,296,2007631,3,29307
2022-08-09,BD,Bangladesh,SEARO,0,2007631,0,29307